1,22.1712,34.9416
2,30.8894,5.9331
3,6.20529,1.89257
4,-22.2766,-20.037
5,-18.0391,30.2238
6,-4.51349,-11.142
7,24.1219,14.6581
8,-48.7813,-44.1194
9,-62.8804,-41.2918
10,-46.1735,1.0663
11,-45.1314,30.5654
12,-7.81231,-18.6569
13,9.39559,23.6901
14,-7.63103,14.5255
15,28.7229,6.1874
16,-7.42002,34.1667
17,2.97676,-7.7414
18,-50.3779,-8.10038
19,11.2347,-41.6139
20,0.402086,-13.0366
21,-12.935,-11.3261
22,-4.39856,2.67506
23,6.25626,-13.3442
24,-49.6689,-22.1492
25,-40.4509,-11.1216
27,-19.6008,8.87716
28,-13.9858,-11.3243
29,-34.3016,15.4231
30,-14.8892,1.22017
31,11.4131,-9.00592
32,11.8282,4.72976
34,-18.0164,-12.8815
35,-37.9877,14.4648
36,35.2077,18.9596
37,-20.8524,5.19402
38,-21.2164,-39.0046
39,-10.2968,-29.8703
40,-28.9746,17.2452
41,15.8004,0.26048
42,-28.9518,38.6956
43,8.63569,-25.3589
46,0.852808,19.5451
48,-3.94494,-13.6832
49,-61.9203,25.9454
50,-68.5038,22.5637
51,12.6063,-7.98862
52,-51.672,9.04765
54,-28.1663,1.49975
55,-0.596704,-20.6367
56,-13.2833,2.77832
57,-30.323,-23.4963
58,10.5989,-36.7396
59,-27.022,-19.3853
60,-64.6908,-8.15899
61,15.8895,14.2518
62,7.67696,18.8229
63,19.6238,15.8179
64,26.1271,-12.7264
65,2.97541,-10.329
66,-11.1185,9.56756
67,-7.38118,-30.7224
68,35.0192,27.4334
72,41.6744,25.8749
73,11.6851,-5.14738
74,-4.7323,-32.1748
75,0.664883,-31.477
76,-30.1789,-5.00004
77,18.7041,47.0298
78,-19.7656,-2.89223
79,2.75469,-13.2882
80,4.85848,19.3405
81,12.5534,-7.70388
82,-17.1673,-5.56735
83,20.9843,33.606
84,19.6338,-11.9965
85,-8.24643,19.3638
86,-2.13931,14.2492
87,4.44155,-7.89396
90,8.05407,5.92816
91,7.58441,8.01612
92,-6.92449,6.79874
93,-8.72268,6.5982
94,-31.6658,18.7631
95,-18.8906,14.2093
97,-22.1904,-34.8496
98,21.8276,-2.09617
99,-6.33404,-7.04648
100,0.707337,66.2662
101,19.1698,62.6025
104,42.7117,1.47432
105,-57.6799,20.8732
106,-62.5243,7.79174
107,-26.123,15.7557
108,-18.5458,-26.5094
109,7.33775,-0.950375
110,9.27336,-24.7504
111,19.9358,-11.2356
112,-13.0593,4.09398
113,18.2489,4.66124
114,15.5823,-18.204
116,-61.7377,-23.7014
120,20.1604,-39.2094
121,-3.02621,-23.2114
122,10.84,3.85827
123,26.2308,-20.1775
124,20.8875,-6.9972
125,11.5839,-5.20432
127,-15.9267,-36.6474
128,-53.9024,17.8482
129,-28.1967,-15.1931
130,-13.8283,-27.2604
132,-1.9554,-30.0484
133,-3.44128,-7.93779
135,9.87914,34.1356
136,7.35119,-4.94159
139,4.3967,-2.82813
141,4.76307,-12.2913
142,8.30676,-15.2513
144,8.50896,58.807
145,9.00395,1.01539
146,11.2072,-6.72668
147,-31.1566,22.6556
148,47.7579,-5.95697
150,1.73881,-7.21511
153,-6.75161,-3.83859
154,44.4645,31.9658
155,25.2658,47.8004
157,-46.3918,22.3689
160,-11.1698,-15.5831
161,1.46581,-13.5547
164,-11.1993,48.8681
165,-41.8275,13.4141
166,-18.6913,-2.58652
168,5.86151,1.16843
169,-3.93124,-7.45173
172,-13.4833,19.6741
173,2.98834,35.015
176,2.12462,27.0508
180,-9.8902,14.7669
191,-50.7576,50.7018
195,-33.4145,27.5815
196,2.97315,-8.15609
198,-54.5946,-39.511
200,-16.7674,-14.3698
201,-12.7574,25.3918
203,-43.0862,52.2329
204,-10.3344,6.82151
206,1.897,-9.78948
207,24.0267,31.7194
208,-3.35808,-7.18973
213,-20.045,7.91375
215,40.313,5.40248
216,-14.8777,0.841626
219,11.4327,-18.7002
220,-62.1923,-11.2818
221,-23.1339,0.0667815
222,-42.1741,26.142
224,21.5713,-9.26836
225,-8.44127,-18.7084
229,-1.24737,21.1559
230,-43.937,-15.0837
232,37.3888,-8.04316
234,-43.7894,23.1128
235,-11.1563,28.3498
237,0.318918,-24.3863
239,-27.8755,32.7325
241,-3.72253,-0.503212
244,-13.7897,31.4399
246,37.3039,11.882
248,-5.11841,25.4778
249,-20.7984,-6.43491
250,-7.90738,-3.85803
251,-9.27026,-51.5388
254,24.1446,36.1646
255,41.7479,8.21153
257,-6.74043,10.2058
259,-7.47513,3.87387
260,62.6062,29.3166
261,10.4762,-7.44901
264,-19.4991,-36.403
267,-13.1361,-0.0413799
268,-7.75414,-36.4054
275,-8.9569,15.9533
279,-19.9638,-46.0986
281,-57.1043,14.0003
285,6.66162,-37.864
290,10.5212,-54.7235
292,59.8336,8.746
296,-1.4971,-7.77914
297,-18.035,51.7319
302,-15.6887,-2.42857
303,-17.3354,-28.785
305,-54.1,46.3494
306,-5.096,-7.83775
307,-10.194,0.826571
308,0.314624,-21.373
309,-60.2511,-21.1213
312,-5.79065,3.76849
314,-1.3013,-47.7329
318,2.20125,36.1225
319,-8.0756,-24.3358
326,64.1113,-25.886
328,12.3971,11.4936
334,-39.3241,21.3555
351,-58.7752,10.1624
357,3.20514,-34.9746
359,65.3506,-31.9866
361,-0.859757,19.1273
365,-7.57548,15.4887
367,-0.194792,-5.28785
372,-25.4265,-32.4222
374,-10.4207,2.56285
375,-10.0912,-4.77668
380,10.6426,1.94619
381,18.8634,11.2168
382,-7.26087,40.828
388,-15.2523,32.7088
390,-1.01147,0.590974
394,-14.386,-32.5235
404,1.45984,50.7767
406,-13.6508,4.4146
407,6.52612,-7.49341
409,-44.8255,39.3898
411,9.80568,3.29208
413,23.002,-18.6493
419,-23.5384,68.1331
425,28.8217,42.0636
426,-22.6144,17.2131
428,-25.0008,52.6218
429,33.3106,-2.20438
436,-3.59163,60.662
445,-25.3877,17.9198
447,-11.3432,21.3814
452,-18.126,0.125756
457,-25.5158,31.616
460,0.460996,-6.8729
461,7.92722,32.9879
462,1.33045,16.6058
463,-2.19047,-9.04155
467,28.0637,30.4655
473,30.5989,-50.5837
480,27.8849,63.4157
481,-1.28311,10.9606
483,-21.7836,2.33719
488,-11.3899,15.2943
489,-4.36898,-0.404117
490,1.80882,27.5591
504,1.71907,-7.78495
507,-6.95094,-2.49223
516,-29.5266,39.7842
517,30.3553,14.4599
523,-37.6302,-1.38635
524,12.6776,0.720435
529,52.3993,-19.1238
540,0.508326,11.9778
553,6.6916,10.7228
558,42.3368,-9.91179
560,64.8025,-10.0589
561,-8.28504,-28.9057
570,-13.0855,3.35779
577,0.452838,-6.40261
578,-1.47387,10.8972
579,6.56113,-0.162391
580,16.1515,58.5288
589,-9.0745,4.62943
592,-20.5329,-25.973
597,26.7026,7.27762
602,5.14254,-1.7907
603,-2.17224,-27.2978
604,10.6285,-0.525615
607,31.6375,65.6159
609,-68.5892,-19.508
614,-76.5414,-5.77866
630,10.2681,-1.03848
631,-23.4486,14.858
632,-4.56096,-7.58035
633,-1.58259,-8.46917
641,7.69229,-1.77454
642,-2.37969,13.8904
649,8.43989,-5.58235
652,-18.4677,33.5071
664,-39.7895,2.02639
669,-2.92448,-5.15711
674,-56.5273,31.372
677,-6.67762,-5.19572
679,-9.39772,45.8087
690,-20.2019,-24.3041
692,-7.91661,5.54934
694,-5.19539,2.40163
696,-7.95954,0.402065
697,8.92772,0.146301
700,4.52967,3.43453
702,28.0844,26.5572
705,1.39127,20.4619
716,4.88079,-6.38554
721,-5.73781,10.5853
730,-35.4796,-6.43265
734,-3.01867,13.3733
735,53.4253,76.3166
737,3.91593,4.76542
754,58.5904,-19.2632
755,-33.9461,-5.93294
759,-55.9958,-2.26521
760,3.41788,6.16636
776,-4.27675,6.37542
788,-24.1136,25.3047
801,-7.65946,35.806
808,-40.5801,41.6643
814,-4.14545,-0.813685
818,-12.9155,3.75937
824,0.345213,-5.30435
825,26.7614,66.2202
864,18.0711,-9.93241
934,35.6132,-15.3972
960,-3.66187,-9.06596
972,-34.1986,-20.3378
975,8.8249,0.979748
982,-11.6992,-1.92761
985,56.4795,-43.1026
986,59.2075,-33.236
990,6.12923,4.98176
993,-21.0362,32.462
1029,0.27772,27.7551
1055,-4.51629,-30.3645
1063,4.73777,-48.5047
1103,-57.4172,-42.1403
1112,35.0772,22.393
1122,53.693,-27.6743
1124,25.3176,57.2851
1153,2.42689,-6.83561
1156,-37.8925,17.0695
1174,-49.8841,12.43
1178,3.953,4.76201
1182,-62.8706,-4.8092
1190,25.9867,62.023
1191,-37.1024,-4.81663
1194,-7.60961,-3.341
1216,5.07051,-3.465
1223,-1.14794,-0.354304
1227,-6.55459,-1.14
1241,-2.13564,14.7848
1248,-2.73949,-3.02808
1259,22.9196,30.3845
1296,-16.4043,30.8614
1318,-0.593053,-5.28333
1335,-1.32832,-8.40662
1346,0.0971911,10.7571
1358,-0.294625,0.430624
1396,-2.63812,-10.0912
1426,-44.0261,11.9968
1433,2.66075,-4.18605
1450,-7.8365,-35.4483
1484,8.10606,8.75282
1486,45.6786,-29.7635
1580,-0.195009,1.49523
1617,8.7823,-4.26883
1620,3.80735,-0.567661
1624,-6.2763,-3.01418
1632,-15.6214,-0.277231
1640,-6.32274,0.130905
1657,3.68845,-0.229194
1666,0.316221,-6.31291
1674,-4.88466,55.6722
1675,24.7643,-11.6854
1751,-3.88397,-0.688168
71,43.1696,26.6395
102,32.1074,30.2264
103,14.5822,42.8853
140,2.5669,-6.16981
151,19.3381,37.1397
167,-20.6678,-13.4154
174,11.9219,-26.5303
175,11.1335,-52.6329
184,-7.29246,12.1207
185,68.9541,31.6161
186,56.2006,44.1953
187,31.8199,28.5894
190,11.9427,31.4154
205,15.396,31.7081
214,16.2997,7.17046
231,12.4432,-4.6892
238,50.5769,18.2807
242,25.6744,38.975
266,65.7186,31.4292
282,32.549,12.0572
283,-12.8752,20.3165
293,36.5258,2.81508
294,48.5996,-16.5713
300,3.51102,58.6842
311,70.9128,-1.46448
315,-4.52663,-16.5435
320,-2.43568,14.4069
327,35.0895,-30.0546
345,0.0668045,24.3025
352,0.839792,42.9687
366,2.72969,-11.7913
389,3.64705,-16.0376
391,43.0711,-4.77025
401,-10.638,2.07622
432,-7.59053,-3.04109
477,-8.26768,-0.0825138
482,18.1897,-37.6023
500,54.0327,33.048
506,14.9847,40.437
518,7.27652,-0.809037
527,51.7918,37.2707
535,14.287,-1.99971
545,39.875,-18.5858
557,-8.22519,20.7026
574,27.1487,23.4662
601,-75.5116,16.7957
608,28.8936,-21.7953
613,2.36233,9.40901
615,-28.3637,-38.0925
635,50.6685,30.3744
661,27.231,-3.02075
666,-6.50667,-2.01989
670,3.43276,5.28346
684,-38.5003,69.6835
693,4.23596,1.76919
698,5.48229,-4.58782
733,64.9949,-8.13585
756,-2.90266,3.82425
774,8.33463,-4.02215
775,-1.44791,1.96115
811,6.36891,0.319634
831,40.8159,-7.19811
834,38.4284,11.3319
844,-6.40998,2.83066
854,26.7677,5.13653
881,7.68412,35.4239
916,1.17875,0.599897
932,33.0569,-46.1687
944,0.165682,-0.0524077
969,1.84601,8.15794
1009,-10.1888,1.42912
1021,11.9767,-4.60182
1068,-18.0867,43.6207
1094,4.40344,-3.91114
1107,-16.3379,35.1026
1121,5.57092,44.4381
1175,44.3321,18.325
1184,-3.92288,-2.21368
1278,52.6229,25.2678
1319,36.9405,-12.0538
1343,35.3864,-4.09255
1347,11.5742,43.6835
1354,34.7301,-10.9226
1359,-52.9835,16.2541
1455,-4.38702,-5.14706
1472,3.02868,5.48272
1519,6.66227,-5.22834
1532,-2.43021,49.2851
1539,1.57845,39.7566
1579,9.15633,6.60681
1685,3.17066,3.16341
1723,1.07069,-2.5827
1768,-0.525495,-6.21607
45,-71.292,-27.0045
47,-52.1329,-65.9888
126,-58.4191,-28.833
158,-53.5799,36.7303
159,-39.2991,30.7345
192,31.8186,-27.5182
245,-20.7243,62.051
271,-66.9153,-38.2583
272,-52.2992,-60.1815
280,-32.887,-17.4892
284,-26.6104,-42.1055
322,-30.6986,-77.8548
323,-23.4459,-73.7824
324,-29.4446,-64.7046
325,-28.0832,-66.1769
329,-10.5556,1.30459
335,-58.5683,8.87136
355,29.6776,26.1047
376,47.5676,-33.9871
387,13.2219,7.9265
420,64.8441,0.982573
451,-59.4083,27.1497
503,8.13795,-9.15636
519,47.9389,52.7717
546,37.541,43.1922
576,4.12431,-4.89992
605,40.3191,-20.1978
634,63.6843,10.3835
718,-56.4273,-45.4301
757,7.60233,48.2188
771,51.4849,21.5889
805,1.20541,12.927
839,29.3149,-45.5479
892,-23.3882,-68.1278
915,44.6229,44.6693
929,15.9467,-20.1922
935,46.0032,-26.6895
948,50.6536,11.6826
999,34.4752,-0.434546
1013,17.7228,-9.22771
1097,14.3782,-23.1877
1172,20.1239,-40.4665
1186,-0.664055,-5.90012
1196,6.77792,21.6106
1198,38.5723,42.452
1251,-1.9124,13.4107
1269,37.1779,44.2225
1295,34.584,13.9579
1328,-7.12772,3.61741
1390,46.9371,14.2519
1438,-2.79702,0.420604
1470,9.57879,-4.68492
1497,3.56725,-3.95919
1548,-2.69276,-7.06563
1549,11.9936,19.1726
1556,3.66599,1.42777
1570,7.19629,-3.11275
1577,47.7153,7.4376
1623,-44.8083,-39.0552
1700,-2.21187,-3.00067
1716,-48.5844,-17.0688
1739,-0.786998,-5.60004
1740,0.0987164,0.588302
96,1.29551,-33.1439
115,23.564,2.58095
117,-25.8515,-28.5397
118,7.5919,-8.35614
149,71.0985,-22.1709
177,-0.126759,-20.5015
178,13.0504,-5.83145
183,0.666417,-5.72471
188,14.8786,-4.24804
211,-9.983,-2.17179
226,7.34193,44.9678
236,57.4465,-50.7289
240,-35.9471,-15.0713
243,67.5439,-15.1829
247,-14.4317,-0.523462
262,-9.40831,-39.2523
269,-18.1581,-30.3843
287,13.8144,-17.5486
301,-50.602,-29.3789
321,-22.2646,-50.8801
336,13.9134,-63.2841
350,-14.0237,-59.8731
364,-3.11901,-6.91905
379,6.66507,-9.90969
383,-4.42716,9.07173
421,-7.3311,-31.4309
439,-30.8952,-43.1202
449,-24.0343,-3.33973
468,0.0208635,-8.2531
474,10.4374,-23.658
486,-40.8643,-10.2509
492,10.2662,-3.11844
512,-0.966502,-7.76955
526,-24.222,-28.4405
568,48.2778,-26.3122
591,-13.8042,-38.2891
622,-4.10073,-3.63513
646,36.1826,-0.569713
665,-16.8494,48.226
704,-12.241,-8.65325
731,14.0252,12.5735
793,-38.5728,-47.3026
794,-47.0981,-38.8814
826,-40.4427,-11.2495
855,-11.7708,-37.9961
857,1.78784,11.7929
865,57.2106,-28.5705
885,-38.6183,-14.5755
954,28.3766,-57.8962
955,26.5701,-57.8895
1028,-34.24,-46.9145
1030,44.7048,-24.0887
1066,40.5438,-17.4705
1072,-19.0013,-32.7955
1095,19.6055,-21.0885
1119,9.99473,-29.9203
1143,-3.1934,-5.28363
1230,33.1043,-57.8695
1231,38.3718,-53.7983
1257,-26.5739,-49.1019
1288,33.9679,-59.9873
1294,-8.36185,-6.15593
1297,23.0744,-55.6251
1322,-5.19508,-5.02723
1352,-16.6888,-29.9884
1473,-3.06601,-2.12964
1575,-4.26926,-3.06375
1709,-15.1839,0.0775433
1728,-6.23998,-3.63694
1767,-3.73626,-2.97398
217,3.20402,-51.0332
310,-66.9794,-30.123
340,-3.13967,-46.9444
491,1.88771,0.223637
505,-10.3933,43.5631
588,-49.4503,-41.6233
732,2.91293,48.7174
749,-40.7744,-47.4078
767,-3.49527,-43.4451
804,-13.4074,-49.1122
832,-49.9537,-44.0209
1082,-39.0536,-51.6664
1283,-18.3097,-55.3102
1453,-16.4938,-46.4909
1456,-38.8579,-53.386
1530,-27.6852,-44.7184
1730,-0.0765178,-1.84205
26,-77.266,-31.64
53,-39.2108,-1.9247
131,-59.5447,4.46735
194,-77.4066,-19.946
199,10.7055,14.7075
369,-73.9874,-12.0061
385,-60.9807,53.2154
626,1.50004,10.1788
668,-0.105887,-11.0914
741,22.3734,28.2347
789,-1.68841,-6.41659
796,14.5774,3.22918
1044,-3.0144,-5.57342
1128,77.1234,-8.0107
1291,1.51925,-5.36933
1446,2.64124,-6.38134
1568,3.16522,-3.83266
405,33.7034,-41.6834
1052,-46.4433,-31.9974
1418,6.84926,0.704099
33,-85.6124,-13.4478
44,-83.7944,-32.5031
202,-39.3647,-81.3301
316,-49.0262,-73.2313
317,-46.0521,-68.874
337,-54.3294,-73.654
392,-58.3337,-73.0201
393,-55.8454,-70.9995
587,-58.0931,-59.7221
691,-43.1774,-78.9922
715,-77.3156,-54.5354
751,-65.3721,-59.3733
752,-56.3077,-62.2882
787,-69.8304,-51.6881
1081,-67.4437,-57.7571
1125,-68.478,-63.164
1126,-70.1861,-62.9603
1373,-62.8113,-66.9663
1382,-70.7087,-50.1794
1401,-76.7211,-43.287
1448,-37.6971,-71.7594
1474,-69.4621,-50.3997
1483,-70.2499,-25.2439
1487,-65.3806,-62.0363
1547,-40.6972,-75.1917
1585,-71.0621,-60.3078
1613,-72.7201,-60.318
1724,-78.8055,-42.0188
1772,-57.9547,-69.3552
134,-85.0242,-22.8515
156,-91.598,-12.3323
181,-81.3592,-37.5884
182,-72.0563,-37.015
197,-77.3801,-48.7953
270,-88.8261,-5.84271
415,-88.6318,-18.4405
465,-72.8833,-42.8784
511,-75.0095,-45.0756
567,-86.4241,-7.79107
599,-73.8726,-55.0051
712,-66.2068,-45.9712
713,-70.4131,-56.4548
800,-82.3264,-27.7403
1189,-82.3614,-5.09119
1210,-69.6236,-26.5195
1744,-72.2599,-46.5773
162,-34.5561,58.4655
212,2.31516,-21.322
362,2.1373,7.89484
363,-9.77105,4.31059
441,-60.9903,45.178
442,-10.3572,11.3759
448,4.13291,9.43698
639,-55.896,53.6204
643,-13.9223,27.4398
663,1.77076,39.5841
667,-16.5303,30.376
798,-14.0688,20.3649
802,13.7205,7.52039
815,17.0307,39.3738
842,1.37683,-4.65782
847,-39.0019,-52.0602
872,-45.3142,-47.2501
918,4.18511,22.0529
1206,-13.3764,-3.36613
1207,-16.6602,7.86025
1355,-44.8582,-57.8553
1621,-1.75157,-4.45071
1710,4.17196,5.38037
88,-27.579,62.8303
119,-30.6122,32.6201
163,-24.9373,62.5604
274,-37.6904,38.1361
277,-31.4121,35.5475
344,-22.6771,56.7527
370,-22.8,46.575
408,-25.1349,77.943
414,-29.5679,39.2503
433,-28.1718,58.3645
438,-32.7696,72.9984
443,-32.9819,29.7566
456,-17.662,45.1967
458,-35.0204,30.802
499,-37.0673,78.9529
542,-43.0981,73.3839
543,-41.2859,76.1621
555,-9.67348,36.8878
606,-38.3243,75.1109
1671,-36.562,52.2599
1736,-31.9917,29.7853
566,-1.30738,33.7649
152,-35.4592,-10.0664
299,-11.6904,61.5615
313,-6.95161,0.758188
423,-37.2972,-14.5916
919,-21.4245,19.8884
920,-0.400048,-3.45316
1345,4.10439,-1.89567
1496,-1.71398,-3.08878
1662,3.74428,6.33826
913,-4.54049,0.902472
978,6.34926,-15.9312
1088,-4.98061,2.44697
1226,-1.68024,11.8245
1242,-7.65231,-8.86681
69,35.5795,42.3567
70,39.2299,40.7542
89,29.7099,47.8916
396,69.2881,9.05404
513,18.3803,54.2904
593,59.3045,-38.2706
739,9.52711,-67.1791
740,13.7638,-71.3199
766,-5.68719,9.76604
880,23.7311,61.7245
924,23.2597,57.186
998,1.84179,-5.42905
1130,14.4154,35.0953
1366,3.06508,2.00223
1367,2.35334,-2.14314
1557,48.4489,19.2716
1729,11.482,5.68978
845,-15.815,53.9174
876,-5.24426,70.5869
925,-13.6208,79.4595
1015,-10.479,81.9942
1310,-8.87094,79.6102
1329,-11.5558,77.5617
1444,-14.3815,73.5696
1445,-15.3416,72.0518
353,-43.046,56.7388
446,-29.8427,-1.5913
464,-20.4264,-49.8591
627,-35.1591,-50.7864
701,-10.6735,1.48187
729,-14.6437,-9.47
807,-30.0749,-52.4913
873,-19.6275,-42.6839
1002,-0.165849,0.635965
1100,0.414106,9.09378
1108,-19.463,10.8936
1284,29.9709,-71.353
1379,-33.307,-43.6861
1383,5.43936,-53.6323
1478,-32.4519,-52.2993
1488,-31.079,-24.6731
1598,-36.9398,-44.2121
1607,-2.21149,-4.9891
330,10.0618,-64.9203
331,11.5911,-65.9975
341,62.396,29.1435
342,7.47517,-69.2693
378,16.7496,-1.31777
427,65.4255,14.7062
647,46.1398,-17.5563
707,43.2482,17.7629
770,22.5067,-60.1445
782,37.1593,-46.5768
835,17.9103,-79.1547
838,7.94751,-58.4889
886,19.7101,-73.5308
887,23.5313,-74.4875
894,58.9697,6.17695
926,2.54288,-6.69951
974,58.485,-3.72834
994,21.9018,-77.2401
1024,21.4979,-67.7999
1115,14.9209,-68.3488
1137,3.66291,1.4428
1183,55.567,-2.94577
1192,69.7164,-42.9554
1272,13.9826,-76.3386
1371,-3.13356,-37.8438
1375,16.9458,-76.4741
1459,5.78998,-60.2031
1467,11.1256,-59.8922
1521,0.609321,-65.6445
1553,48.6992,26.8526
435,58.0899,7.84801
550,31.8256,-51.9804
551,31.6081,-50.2012
562,22.2252,52.8565
581,8.0832,52.2849
662,1.17404,-5.84215
820,-1.44503,-4.72003
822,54.7826,3.21883
1032,5.95782,36.2106
1208,5.45587,-2.86831
1215,-3.84586,-3.5003
1584,3.04412,-2.65372
1752,-2.99389,-5.8411
531,-19.3424,7.69239
1443,-16.5609,4.19854
332,5.66032,9.06116
538,-8.05018,44.1317
777,-3.413,-63.9012
806,-2.59414,-67.4883
1165,4.24212,-3.81318
1287,-4.38627,-0.376726
1528,-5.38381,-58.8268
1545,-1.64527,-5.83766
1691,-8.6057,-63.5411
368,-3.21886,-41.987
434,-1.32046,-43.563
695,-14.5378,-3.3086
827,-0.0967942,-55.3591
828,1.90025,-56.5579
987,38.4678,-1.90476
273,-17.0332,1.92431
333,-48.7161,17.0198
472,-40.668,-17.6233
498,-56.9353,-2.86106
594,-79.7793,10.6849
640,-58.0084,58.4897
656,-65.1703,43.9493
742,-55.5872,5.48252
799,-71.1258,2.72181
912,-49.4105,38.077
1078,-80.2551,-0.418729
1131,-27.5737,-14.2155
1255,-22.6191,-54.7454
1389,-49.4588,21.3676
1421,-20.4585,-53.9879
1494,23.017,-51.5967
1615,-54.1491,48.9673
455,-9.80047,11.9196
743,-12.8004,-30.7073
848,-29.1535,-49.5254
984,-3.03426,-6.23171
1527,-51.8503,-26.5439
1606,0.135745,-8.71314
253,-91.8938,-24.3633
258,-88.2924,-24.8788
769,-93.0326,-20.2382
856,-84.4032,6.30303
1053,-75.4919,-53.0055
1758,-93.4853,-8.76014
358,52.6194,-39.3114
497,47.9275,34.8344
585,55.039,10.7182
617,-7.80773,-0.739423
618,5.14171,-5.09428
736,14.8732,5.52259
783,26.1773,52.3702
784,28.5535,55.6152
952,32.1005,-13.0088
988,29.4763,-58.715
1014,7.65232,33.5811
1146,-4.81068,4.38488
1152,-38.2994,-7.48568
1193,18.6926,-56.2078
1261,2.65122,-3.87311
1397,-16.19,30.7334
1458,18.7117,-52.3786
1609,-3.84183,1.7517
1645,18.8905,-61.5303
1715,-1.80918,6.68058
1745,19.3231,-63.7136
170,-3.70161,18.3976
256,-43.7976,15.4472
276,-7.72505,17.9375
278,-12.3109,2.16085
354,-34.4853,38.7217
638,-51.4816,6.02778
672,-28.9455,54.2301
812,-67.2784,31.4662
833,28.858,-45.0165
893,-37.5925,34.184
895,51.6248,0.419963
901,-14.2655,32.2491
903,-55.4801,35.0504
966,37.171,16.5177
1180,63.745,7.2937
1260,33.9471,-34.0377
1350,1.77968,-2.20495
1351,0.060574,-1.85568
1407,-39.7275,-3.92712
1480,-58.1054,0.917888
1501,-2.50145,0.476799
1529,36.2537,-38.0936
1711,5.14801,0.674419
1733,-28.016,-19.6772
304,63.9602,-18.17
564,35.6291,-39.8091
1376,54.907,-22.5514
792,16.8987,-10.5631
1325,-3.49965,6.65581
298,-81.5112,-44.3008
1649,-95.871,3.79958
1650,-95.7302,6.38647
816,-48.9183,56.3449
819,-24.6632,-40.079
836,-48.1299,28.3203
837,-46.7357,30.6137
868,-37.9441,45.7791
1000,-40.5229,46.1421
1048,-45.887,57.9869
1111,-46.0173,49.0656
1133,-10.9879,28.1849
1134,-44.0132,48.103
1201,-44.2875,44.7269
1224,-0.347601,59.9038
1432,-0.0891069,-7.71817
373,-61.2565,6.966
699,-64.356,16.4677
1006,9.38883,4.02407
1007,0.072638,-0.637937
1116,0.841933,10.2483
1245,-59.9693,41.8378
501,58.9926,34.2135
992,67.0665,35.7764
371,2.88613,-68.1614
444,-64.2356,33.8857
533,-6.18089,2.98345
534,-2.66371,2.65509
547,0.608168,-68.0974
714,-55.4227,16.5433
778,-42.5639,3.76531
781,25.5442,-64.4707
909,-24.5546,17.4031
1075,-37.9071,-18.0751
1209,-77.7715,11.5985
1282,-4.29792,-1.03294
1302,-8.27484,-56.1889
1372,-5.70341,-2.09168
1544,-75.4048,13.3589
210,4.68672,-63.3261
440,-24.5207,-63.0588
753,-33.9245,-56.935
914,-5.08668,-76.1764
1162,7.48363,-76.0345
1246,-3.42682,-77.2989
1414,-6.12787,-79.0871
1563,-47.3266,-34.5532
1698,-40.0771,-52.2402
1699,-41.3056,-50.8396
233,-41.5762,34.3204
541,-65.74,36.4679
790,-66.886,37.5165
1337,-23.2951,54.353
786,71.5897,-25.9598
1138,13.9265,-4.81231
1334,8.19077,-1.30125
586,-56.2255,39.3926
678,16.2954,12.833
765,34.6161,20.1988
1151,-62.5662,-1.29809
1636,4.73204,8.42711
997,3.93556,-2.91348
1332,2.15304,-4.09724
653,-83.8342,-42.2505
1589,-91.1369,-27.635
1123,-90.6426,-32.4415
1266,-67.3265,-54.2739
1741,-89.3215,-34.921
193,23.2567,-10.5313
209,38.2428,-25.3095
218,24.2749,2.12373
339,4.88066,-45.1262
469,70.7475,14.0923
569,42.4513,-32.1044
708,0.594778,19.2286
1132,23.0676,0.981842
360,-51.841,-35.3484
575,-34.1649,-70.6457
687,-25.7485,-85.2072
750,-30.8574,-86.6142
780,-34.7619,-85.5236
810,-60.9001,-73.4136
1005,-46.3525,-71.8919
1054,-68.1364,-65.833
1080,-24.5415,-80.8451
1270,-55.5649,-76.8561
1625,-49.4632,-76.6755
1706,-65.4213,-31.5721
1760,-33.5689,-69.5673
573,-57.995,39.2857
582,-43.7579,37.0665
840,-83.5874,19.9044
841,-86.2287,18.259
1173,-62.4886,29.464
1374,-62.6301,41.3918
1447,-81.3178,24.2405
1477,-84.9254,15.782
1712,-84.7012,23.3049
1073,-12.9621,-51.2993
1074,-15.8718,-51.6021
1377,-3.3378,-4.17952
1378,4.09031,-1.04255
509,-6.70572,-51.8285
1127,-1.51431,-6.11521
1292,2.94627,-43.8426
1316,16.1426,-38.2831
223,-10.4506,-65.8015
252,-8.20446,-53.0219
263,-14.681,-53.1675
265,-32.2339,-57.0297
356,-1.82334,-57.0347
403,-8.77205,-58.6656
412,-27.6293,-60.2518
418,-4.33125,-64.6188
437,-17.5717,-53.9567
556,-20.9125,-64.6977
612,3.10848,-5.68556
758,-25.8699,-16.1472
891,-5.13383,0.586493
1306,-21.0853,-29.0014
416,29.8894,-67.4091
763,19.0609,-69.8288
869,6.7216,-41.6718
1533,41.3439,-67.0818
636,14.9078,-36.3664
1293,32.3589,-29.5376
1693,4.84866,-2.73953
878,-77.2648,-10.4612
879,-78.1963,-13.7856
938,-80.561,-9.22953
959,-74.9108,-16.4306
1597,-76.2911,3.79499
1634,-67.4852,-23.9364
1694,-77.8828,-3.32099
596,31.9949,-8.31838
1033,2.0736,-6.52011
1060,64.955,-26.6923
1061,66.8482,-27.5883
1067,65.8653,-13.322
1114,66.9962,-7.13632
1139,3.9276,-3.97419
1309,46.3764,-9.03218
1037,71.518,4.00003
1135,75.3967,-22.7738
1600,50.6693,-57.8212
1601,49.1659,-58.8764
761,21.7667,43.8564
821,60.7054,41.3923
900,49.53,61.2732
937,10.6298,47.4018
983,46.64,63.7403
1225,47.1775,38.3927
1311,61.0171,42.8723
1525,69.9085,32.9159
744,49.1194,42.26
1092,32.6635,61.7331
532,51.3436,12.1634
1646,73.9419,11.7685
1159,13.4832,7.3786
683,-8.99878,73.7612
1734,-4.85812,-54.3106
431,34.5292,-55.1705
563,-4.68178,-33.2749
629,-3.00437,5.21241
1181,18.3021,-54.2659
1631,-40.3605,-46.1093
484,26.8553,88.1129
485,30.0046,82.4062
552,22.6323,75.2131
571,57.8717,38.5859
637,23.3734,70.6084
648,27.446,84.3431
689,60.4735,49.5845
726,61.0575,52.7879
956,24.6466,74.7752
1422,-73.0881,15.7687
719,-2.29063,52.217
720,-0.80054,54.1229
936,13.5522,60.7747
1171,-3.58658,57.0115
1431,-1.75001,44.7812
1644,11.4794,56.7842
1603,-1.5052,-4.46783
1089,39.0201,-34.3609
1166,27.8562,-39.7984
493,50.6335,-23.5143
1038,41.3212,-5.05942
1276,9.66529,65.5403
1387,32.4051,72.5677
1524,38.7424,78.8029
1717,30.3121,72.7156
295,53.2231,45.0786
861,63.1984,44.646
907,67.7014,46.4962
908,52.6529,58.9218
1170,59.179,59.3909
1342,65.4497,53.5426
1566,63.5528,54.0344
288,53.989,-17.8356
289,29.3741,32.7226
471,52.8905,-32.6024
572,62.608,29.9363
877,37.9194,-33.2799
942,64.5612,35.7793
1630,62.2416,26.5695
1101,-61.1345,-5.91024
1176,-67.7062,12.3836
171,71.1775,-10.9845
179,77.5244,16.3769
515,-3.80928,67.7849
536,-37.9069,64.6249
384,-19.3939,-61.3529
400,-0.335057,-60.4073
430,9.62788,-61.2432
650,-2.80957,-2.74929
711,-0.440059,-5.59951
1277,25.1234,-57.3931
1281,43.0065,-59.3026
1647,34.1338,-35.5495
1586,3.78805,0.475943
470,25.6505,-47.4722
1016,11.2741,67.3187
1160,37.2306,-29.3491
1199,-6.05465,19.2318
1200,6.5403,10.3421
1737,3.62378,51.3367
459,59.5077,-41.1252
528,-35.7686,50.2639
537,17.4927,-11.8954
659,80.1296,-1.10832
660,80.6166,-3.92751
866,59.4753,-43.2741
1070,80.4508,2.07877
1195,11.8022,8.13947
1417,3.42537,1.23541
1708,82.0037,3.42953
989,-34.4639,-51.1803
544,13.3197,-59.4578
768,14.7273,-57.9592
785,26.1747,-60.6185
991,8.81845,-53.6692
1003,26.3303,-56.1367
1141,18.8017,-58.2201
1681,-12.0982,54.905
1702,-1.44386,-6.68803
1489,-25.8693,-45.8795
1731,-27.242,-44.7268
397,75.547,8.55838
1069,66.9781,-4.74882
1102,39.1976,-56.5078
1465,42.7628,-54.6662
791,0.871884,-8.43097
968,2.49893,-1.09614
1336,2.17462,0.484245
1339,6.78768,0.702618
1462,7.13381,5.22699
343,-66.2018,40.6421
348,-75.3033,29.223
399,-72.3919,43.1038
410,-74.4328,31.3135
658,-75.1573,40.8041
888,-64.0473,19.584
889,-73.1612,18.9908
961,-72.5319,46.4959
962,-75.423,44.655
1323,-69.2834,14.8602
1362,-72.8321,36.9615
1669,-70.0343,35.8122
1684,-70.38,16.8682
398,-2.62132,-1.56696
417,-2.08707,-5.58382
565,2.2598,25.4801
616,25.1434,12.3936
621,-9.15988,-1.91775
1411,7.07239,-47.7951
137,-59.6798,64.1487
138,-56.6922,64.1554
1454,-62.8253,69.5546
402,-2.77722,-52.1379
709,-5.41269,17.5015
874,-6.73746,38.5776
875,2.08464,36.0001
1541,-9.99802,64.8291
1749,-10.5912,33.4944
143,-15.3365,67.9926
189,-19.2171,79.805
338,-29.176,70.9517
525,-21.7525,29.8581
724,-1.83127,79.4765
911,-3.93929,80.9076
1546,-24.3749,83.4209
1753,-0.558551,64.7747
762,-5.80029,85.6959
1663,-3.64311,85.216
1757,2.11623,-4.32588
539,-3.8058,5.6841
1331,1.27735,13.9251
1660,-4.41781,-4.76388
1689,-1.62939,-0.795651
1638,-39.1115,61.0776
1688,1.03698,-2.38749
1755,-37.1447,61.4751
1202,55.514,-32.4925
1493,66.5012,-36.6831
1725,78.0809,-15.6522
950,87.164,-10.5562
1071,84.8262,-8.29525
1076,87.1655,-5.19908
1364,86.5833,-1.941
1513,13.0918,58.5065
1543,14.1949,68.9705
349,3.44806,64.4436
1034,73.2105,37.8874
1036,47.0513,47.3119
1040,75.926,26.1313
1041,71.7355,33.8228
1300,51.0799,19.0322
1409,68.0773,41.5213
1479,69.2132,46.1282
947,-65.1978,51.245
1083,-65.9929,53.45
1394,-67.4557,49.2334
496,43.7247,-34.6565
1307,-61.4782,51.0796
1659,-1.47687,-1.95145
813,61.6775,-2.65197
673,-43.0828,62.9603
1384,-30.6978,67.1888
1639,-52.5304,66.8227
487,-30.6825,79.6822
1008,-23.3672,73.1783
1338,-63.7473,-14.5949
1353,-27.0993,76.9021
1608,-33.9283,71.2043
1765,-63.2361,4.43372
346,-68.3398,32.0096
347,-71.5476,31.8023
450,-27.0228,-55.0015
510,-45.2824,-42.2072
725,-43.1057,-41.1646
1642,-75.5473,25.6295
1643,-73.6733,26.9581
1677,-12.0982,34.3395
520,15.5602,-56.0661
227,91.6689,-9.44862
422,75.6067,-33.2409
522,69.0765,-48.1614
559,81.1295,-13.8827
680,81.8376,-35.9064
681,78.3678,-39.2582
710,79.7484,35.4316
1279,-18.0161,45.325
1356,9.14903,76.2016
1357,6.07282,69.1282
1670,6.76232,71.5587
228,85.0232,12.8984
291,84.3515,22.9765
386,91.7853,7.07951
475,92.1132,10.3798
685,92.7953,13.7413
1428,2.87274,-3.29975
772,-13.3328,-72.0961
1258,-21.9669,-67.4511
795,1.16088,-5.44454
1098,74.9946,36.9883
1406,80.115,19.5639
1520,79.5225,22.4794
1211,-58.1351,54.5022
1507,-65.4568,61.6942
1604,-64.4119,63.3407
1049,35.6693,-73.4793
1330,32.1117,-71.7845
286,-48.1292,47.7555
395,-2.94717,-1.34138
619,-70.2799,6.75593
620,-66.2759,0.646731
823,-48.3381,43.3976
898,-69.0579,8.79066
1436,-49.0573,45.3559
1010,3.2185,-3.97584
1203,-0.495586,-7.64272
1271,2.75309,8.18167
1324,-2.79565,3.81726
1349,-27.4321,-68.6851
921,0.719454,-6.05702
922,2.01086,0.584579
971,-6.04004,-67.2116
1304,-17.6366,-63.4013
860,55.7586,-13.1824
1064,8.62633,38.5015
727,-46.2026,-84.4888
728,-53.6076,-79.3848
940,-20.0225,-93.4524
1096,-39.962,-86.1131
1106,-25.0425,-90.5625
1327,-32.8401,-90.2564
1344,-28.1134,-91.8263
598,-21.363,69.335
748,-6.85713,64.7881
817,-19.0408,19.5141
1622,-9.06217,-38.8857
1301,23.0562,-5.61417
1340,35.2032,-18.823
1756,65.8892,-4.87404
1023,40.7126,-58.3434
1062,41.9711,-55.9433
902,-1.25025,-0.266228
1440,13.9815,63.1884
779,-12.7957,-55.8049
1534,-5.18958,-60.573
654,2.2994,-76.7092
655,4.07115,-78.0093
910,19.1969,84.669
1045,22.87,79.6425
1232,19.179,79.5844
1391,16.8487,82.3842
1435,21.6077,82.5512
476,75.6432,-11.9471
424,37.1068,70.7434
1461,-4.02327,0.982128
1722,-6.11302,1.06856
548,36.6905,-62.7188
1299,36.8185,8.31084
1573,3.8504,-4.44074
1682,41.4441,35.825
595,-53.371,58.1695
995,62.1815,-56.4538
1113,58.021,-58.4792
1120,56.2276,-60.1094
1569,61.3894,-59.0063
1654,69.0423,-52.2444
1690,67.7635,-53.8883
1518,7.6437,-55.2848
1743,0.222643,-46.4892
1265,47.988,53.7275
1468,76.6908,-25.6684
1155,2.44585,52.5609
1289,-42.0579,63.7663
1619,2.55411,54.4901
852,-6.22057,77.7814
1022,-30.7203,83.6939
1025,-24.1224,85.8234
1026,-22.2103,86.1182
1308,-5.43508,74.2022
1315,-3.06999,74.9739
1412,-28.5224,84.9968
1762,-48.824,70.9125
1004,2.13455,-4.81237
600,-2.08992,-4.66626
1031,10.8053,-28.0001
1065,-40.7063,-43.9261
1244,-6.28107,-40.1771
1441,0.131353,-4.94675
1442,-0.934729,-7.34711
1275,-4.30278,0.746982
1463,-5.72437,0.698677
1136,51.4023,57.5683
1542,38.4802,14.5762
829,62.9295,-39.4061
830,61.4102,-35.8328
930,75.6847,-29.6519
941,81.4129,-26.015
1420,83.7657,-21.8746
1437,83.2121,-16.8313
1572,83.0723,-18.7357
1562,4.38356,0.569973
494,-30.8885,-57.8624
933,80.8512,29.016
979,82.5984,5.6529
1243,70.7983,20.1245
1571,74.5542,34.5679
1499,-17.4725,-46.6575
853,-93.6406,2.41158
1326,-76.2056,-58.784
1360,-95.0045,-1.67345
1408,-92.081,0.0348321
1526,-91.0738,5.82522
1582,-90.5882,2.8514
1587,-64.3868,-70.145
688,-18.6736,-80.037
1237,-69.2614,55.0474
1267,-69.396,52.7688
1268,-67.1257,57.4855
1238,-2.77311,-7.77955
1764,-33.7126,-59.4811
1770,-35.2108,-60.1066
377,58.6365,-47.879
1185,78.6489,3.41273
996,24.5775,-82.616
1217,22.9213,-84.1661
1218,20.8123,-85.2424
1512,19.8562,-83.2194
478,70.3686,51.083
479,69.8341,53.2115
1361,64.2768,41.2642
1626,60.949,55.093
1333,74.3807,1.51954
1510,49.0253,-52.415
1627,67.3789,-44.6232
1720,64.8002,2.84585
1046,59.5969,68.7216
1047,57.4022,69.2597
747,3.18294,79.1469
1147,3.40957,76.1959
1460,0.815533,76.7575
1537,4.0242,29.4081
980,4.8746,85.1285
1039,4.36509,87.2072
1692,2.16926,85.9927
1256,-27.5168,-56.7253
530,81.4294,-30.2855
1403,-40.7331,-60.8766
1476,-39.2276,-62.3745
1451,-7.39978,-69.8089
1077,20.9303,-64.9981
1434,-49.4147,-80.429
1678,-51.4176,-81.1825
797,-4.30587,49.0666
1129,-12.796,70.8928
1212,7.94112,42.5788
896,-5.54992,-90.6943
897,-8.804,-91.1618
953,-10.2876,-86.0904
1020,-11.9626,-92.1755
1079,-21.8276,-85.9323
1118,-20.4551,-88.084
1341,-6.41273,-87.6272
1402,-45.5394,-75.7972
1683,-11.772,-89.0976
1721,-18.8396,-88.9088
495,56.8199,-54.3452
1105,54.1786,-51.588
1117,53.2302,-54.2567
1551,73.2234,-39.4744
1738,22.9796,-62.3034
1540,-5.31775,40.9331
981,-72.6309,10.8053
1148,-71.86,6.16508
1495,-80.2359,5.3033
1235,-33.8465,86.4641
1236,-36.8264,84.8091
1388,-20.4275,67.1528
1555,-36.0198,86.6216
1142,5.85701,-6.98103
1635,-8.38716,-40.6352
1221,15.0256,-87.9394
1222,12.8874,-88.4102
1605,-49.1014,38.381
1612,0.783235,11.0635
1590,1.4038,83.0648
1204,-9.75324,-74.4474
1574,-7.57396,-73.8326
623,-45.7811,71.6668
1610,-24.6053,65.4459
1611,-13.0469,54.6954
454,78.5654,-36.476
549,39.3995,-64.4629
1413,42.2491,-62.979
686,62.7435,-49.3323
923,65.2777,-53.0178
945,60.2342,-64.8563
946,58.3968,-67.6863
1262,65.3875,-42.8432
1516,62.1116,-51.506
1602,64.2164,-61.9616
1249,86.3259,-14.1864
1370,85.2953,-27.4581
1400,78.6753,-20.1766
1592,69.296,-39.4703
1652,-58.1981,-51.1465
625,8.80556,79.1348
773,10.9128,80.9997
1303,3.24196,-0.25269
949,46.6132,-58.831
1163,31.0928,-74.0444
1164,47.2327,-55.2381
502,53.9639,44.2915
904,-12.7605,84.7685
905,-14.7368,84.4284
917,2.69699,-3.98637
1018,-16.7205,83.988
1686,5.90562,73.1196
1090,-72.7509,59.2548
1091,-69.5045,62.598
1154,-71.3601,60.8652
1285,-74.9871,54.2254
1286,-75.9195,56.2677
1471,-76.9481,53.3428
1179,32.1823,-68.2156
1280,38.606,-68.2547
1515,-17.3817,-66.8504
554,86.0483,15.9068
1365,87.2797,17.7562
1522,78.5083,9.59967
1305,0.0906243,-4.8869
1427,3.64812,-72.8157
1714,5.77924,-72.6331
846,15.8139,76.7376
671,4.75542,70.3131
1506,67.2698,-19.5717
738,11.9463,-78.2641
843,-19.6131,74.7716
871,-17.3652,75.5881
1019,91.509,-0.0994106
1386,90.8031,1.72579
1093,55.4261,-65.3742
1145,34.0315,-65.3254
1205,57.016,-64.3229
1707,89.1793,3.71596
863,43.8177,79.1994
890,45.5307,77.4549
899,46.0902,82.0173
1042,49.2756,77.0308
1043,42.4106,82.1079
1057,-9.86601,69.3452
1099,49.0448,80.0559
1363,34.1869,47.7375
1679,-34.6302,67.8716
745,47.6958,68.4205
521,46.3714,-67.5356
1169,9.01306,-77.4186
858,6.51067,-82.8987
1567,-11.4495,-78.9089
1247,-77.6957,34.695
1424,-79.2575,33.8634
453,90.2273,-31.9795
706,88.3794,-35.114
851,92.4094,-28.6789
1314,87.722,-37.4669
1475,92.8754,-26.5982
1593,74.8091,-55.0293
1594,75.8043,-52.8463
1754,-1.60063,-2.53363
466,4.96882,1.16701
590,7.52856,6.30866
1177,-33.4188,-62.9259
1648,-34.7068,-61.4244
859,12.0513,-85.2307
1320,72.0238,-53.2907
1500,16.5834,-84.5704
1509,14.2844,-85.0444
1732,34.1675,-43.2674
870,17.1496,-62.2761
1254,32.8614,82.8842
1466,24.827,91.7209
1771,22.6449,91.9731
973,-57.3154,-28.0241
1084,-48.2702,65.4756
1085,-45.9014,65.0841
1523,-48.695,63.1935
651,3.79395,-0.543581
849,28.1618,76.992
1239,13.7424,73.3306
1240,18.5897,69.5653
1395,19.0679,74.127
1415,20.8186,73.5632
628,48.9217,66.7112
884,38.4456,48.4246
1140,46.1342,68.4762
1735,50.9105,65.205
508,-2.07593,-75.7977
1504,0.0633732,-79.9173
514,-2.93122,89.1645
803,-5.04314,88.9927
967,45.6567,70.978
951,21.7732,-45.2656
862,51.7392,-66.764
1321,52.1241,-64.5413
1228,76.6313,-19.0409
1250,5.60237,47.6636
1742,10.4617,46.483
850,36.0177,80.8156
1220,34.3723,78.8754
1583,-0.761898,-9.97708
943,72.9133,51.1051
1759,74.5534,51.5155
675,56.1109,66.9318
676,55.4284,62.1048
867,51.8493,64.0009
1485,20.2194,67.9778
1680,8.78391,71.3934
583,89.0503,28.889
584,90.9683,27.2638
644,90.9042,30.0899
645,87.9907,32.2119
1213,-78.3537,38.1955
1214,-77.3702,39.4007
1596,-77.8023,27.819
1469,-5.87056,2.0631
764,52.6623,71.4662
1416,49.8528,72.7294
610,93.654,20.1155
611,94.1093,18.1013
906,95.6733,16.3994
624,11.0058,87.0426
970,6.86262,81.7806
1104,9.03838,84.0366
1425,11.9997,90.1507
657,-0.17127,-7.48225
1508,1.37088,-1.42652
1773,-0.235355,-5.97842
746,87.027,35.5649
1233,60.0291,66.4844
1368,33.9376,76.114
1578,-2.10022,82.9975
1704,-0.33093,81.6418
1726,55.6672,74.341
1727,57.3927,73.3599
682,-14.1188,92.0279
703,-17.8097,91.1297
1197,-15.1824,89.6198
1457,-20.2552,93.3613
1581,-11.1268,89.6859
1672,-47.5788,78.6254
1673,-46.1777,80.0435
1056,-14.3537,-84.5443
1576,-16.977,-84.3175
1561,-81.7866,26.6838
1618,-83.0132,25.2286
1035,81.8268,44.5417
1219,86.6493,37.9767
1234,70.8442,59.8856
1492,71.3208,57.6644
1599,83.2408,42.4046
1667,73.4832,56.4297
717,4.45521,-1.2463
809,2.13304,-0.499129
722,-58.269,73.0439
723,-56.0214,73.3298
1651,-53.987,75.4799
1536,-48.9852,-83.813
1687,-11.0743,54.044
1001,0.299207,-83.774
1514,-1.26754,-81.8589
965,-14.3272,-65.544
1633,-14.6528,-67.55
1027,78.1216,44.7458
1188,74.5601,46.2012
1531,76.8096,47.375
1763,76.0373,43.6341
1554,-83.8425,30.966
1656,-82.5727,32.5325
1161,-55.1085,70.0123
1419,-57.1232,70.0718
1661,0.142705,-5.61725
1369,10.1371,-49.681
1591,-20.4459,61.6344
1011,47.4153,-65.3992
1695,49.1144,-56.5431
1187,78.0709,-46.9549
1392,80.4356,-43.5145
1393,79.397,-45.2885
882,-88.9797,29.8183
883,-90.9632,30.2196
1430,-90.2188,28.1182
927,57.3581,-76.1449
928,53.314,-76.1797
976,55.2944,-77.821
977,55.1673,-74.9393
931,63.7099,-45.234
1449,45.8259,-56.0269
1616,16.4456,67.3978
939,-8.93168,-96.038
1719,-6.57049,-95.4595
957,-42.6149,86.2806
958,-45.1182,85.7847
1655,-44.1915,84.3692
963,29.4952,-89.1449
964,31.6288,-89.7627
1144,31.7717,-85.7646
1410,-0.450144,-5.71696
1439,-3.29038,-2.98855
1628,69.4315,-57.0907
1229,-51.3552,60.2522
1423,-50.5677,61.8453
1012,42.0864,-78.0778
1658,47.7949,-74.547
1167,38.5701,-78.4354
1168,38.0095,-83.1209
1298,36.9041,-80.3951
1517,40.7134,-81.8554
1017,14.2049,83.9254
1560,73.6351,-45.1332
1595,55.4189,-51.3273
1614,73.409,-47.1297
1380,43.2384,-75.4868
1381,44.9555,-76.4954
1050,-84.3482,43.1563
1051,-85.8441,41.9244
1505,-83.6588,41.0574
1058,-13.3505,95.9616
1059,-9.85662,95.683
1664,-11.4987,95.066
1498,-20.562,-83.0803
1703,-20.8737,-80.5089
1086,-70.5792,66.2683
1087,-72.4181,65.0537
1676,-68.9962,67.5723
1109,-17.2906,-73.1709
1110,-18.8203,-71.9398
1653,-1.5835,-0.558369
1718,0.655952,0.764852
1385,33.598,-83.1042
1452,30.8646,-82.4244
1588,32.8421,-80.2549
1149,45.9759,-84.0231
1150,46.8254,-81.7452
1769,48.3203,-82.9267
1157,13.7944,94.6691
1158,11.8541,94.4384
1317,15.3307,93.6211
1252,4.47266,-94.9891
1253,2.28106,-94.7739
1705,3.70128,-93.1108
1263,-82.5126,48.6258
1264,-81.859,46.7347
1637,-83.739,46.3753
1273,4.82755,95.6257
1274,3.22514,94.6876
1348,6.23308,94.5223
1701,44.3785,-71.6031
1290,-51.0215,75.1756
1312,18.2917,-92.2639
1313,18.4406,-94.6141
1511,20.624,-92.8949
1629,16.0147,-93.7726
1552,-39.5612,-70.4238
1398,-87.9436,38.1101
1399,-85.7346,37.3143
1429,-86.6478,34.8929
1464,-88.7046,35.6199
1404,-31.8156,91.1763
1405,-28.2038,91.9094
1761,-30.0154,91.6126
1481,27.0517,-92.0386
1482,25.6225,-90.2996
1750,24.7569,-92.0802
1490,51.4518,-80.2892
1491,50.5572,-77.9636
1538,49.4329,-79.4732
1502,-50.8869,82.1414
1503,-53.921,80.3158
1550,-52.0852,80.6908
1535,3.08696,-85.3507
1641,1.31545,-85.6793
1766,-10.5859,55.8467
1558,-91.9811,25.1388
1559,-91.3799,23.6528
1668,-92.6623,22.5047
1564,38.5589,-88.1195
1565,36.8626,-88.9598
1665,40.3967,-87.491
1696,10.2032,-94.6625
1697,8.34592,-93.3638
1713,8.10043,-95.3224
1746,-4.68659,95.1846
1747,-3.02045,95.8987
1748,-1.42859,95.0233
